{
  "project_info": {
    "project_number": "687321638491",
    "firebase_url": "https://esports-lol.firebaseio.com",
    "project_id": "esports-lol",
    "storage_bucket": "esports-lol.appspot.com"
  },
  "client": [
    {
      "client_info": {
        "mobilesdk_app_id": "1:687321638491:android:4bd691d083c3952c4a017e",
        "android_client_info": {
          "package_name": "co.abdullaashraf.esports_fantasy"
        }
      },
      "oauth_client": [
        {
          "client_id": "687321638491-nhpn9o3rag3kgkdtstubsfh2l6ej8kf5.apps.googleusercontent.com",
          "client_type": 3
        }
      ],
      "api_key": [
        {
          "current_key": "AIzaSyAYRCfM4n_DaFtnL1r01upNxUF2WfEwzp4"
        }
      ],
      "services": {
        "appinvite_service": {
          "other_platform_oauth_client": [
            {
              "client_id": "687321638491-nhpn9o3rag3kgkdtstubsfh2l6ej8kf5.apps.googleusercontent.com",
              "client_type": 3
            }
          ]
        }
      }
    }
  ],
  "configuration_version": "1"
}